{"eval/bpd_recon":9.051681518554688,"train/bpd":11.037849426269531,"_runtime":509996.897945853,"train/bpd_recon":6.388513565063477,"_step":230000,"train/bpd_latent":4.630283832550049,"eval/bpd_diff":50.1221809387207,"_wandb":{"runtime":509996},"eval/bpd_latent":0,"_timestamp":1.7762797416182024e+09,"train/lr":0.0002,"train/bpd_diff":0.019052444025874138,"eval/bpd":59.173866271972656}